"Rank","Tier","WSID","Overall","Team","Pos","Bye","Age","Best","Worst","Avg","Std Dev"
"1","undefined","","Christian McCaffrey","CAR","RB1","13","24","1","2","1.1","0.3"
"2","undefined","","Saquon Barkley","NYG","RB2","11","23","1","3","2.1","0.2"
"3","undefined","","Michael Thomas","NO","WR1","6","27","1","8","2.9","0.5"
"4","undefined","","Ezekiel Elliott","DAL","RB3","10","24","3","8","5.2","0.9"
"5","undefined","","Alvin Kamara","NO","RB4","6","24","4","14","5.7","1.6"
"6","undefined","","Dalvin Cook","MIN","RB5","7","24","3","16","7.2","2.2"
"7","undefined","","DeAndre Hopkins","ARI","WR2","8","28","4","20","7.9","2.8"
"8","undefined","","Davante Adams","GB","WR3","5","27","4","20","8.4","2.8"
"9","undefined","","Tyreek Hill","KC","WR4","10","26","4","18","8.5","2.0"
"10","undefined","","Chris Godwin","TB","WR5","13","24","4","21","10.2","1.5"
"11","undefined","","Joe Mixon","CIN","RB6","9","23","5","18","11.0","2.6"
"12","undefined","","Nick Chubb","CLE","RB7","9","24","9","21","14.9","2.9"
"13","undefined","","JuJu Smith-Schuster","PIT","WR6","8","23","9","26","15.0","4.9"
"14","undefined","","Mike Evans","TB","WR7","13","26","8","32","16.2","4.6"
"15","undefined","","D.J. Moore","CAR","WR8","13","23","7","42","16.4","3.1"
"16","undefined","","Josh Jacobs","LV","RB8","6","22","6","30","17.1","4.3"
"17","undefined","","Jonathan Taylor","IND","RB9","7","21","7","40","18.1","7.7"
"18","undefined","","Miles Sanders","PHI","RB10","9","23","9","33","18.9","4.5"
"19","undefined","","Clyde Edwards-Helaire","KC","RB11","10","21","9","32","19.1","5.4"
"20","undefined","","Amari Cooper","DAL","WR9","10","26","10","32","20.9","4.8"
"21","undefined","","A.J. Brown","TEN","WR10","7","22","14","43","21.4","4.2"
"22","undefined","","George Kittle","SF","TE1","11","26","16","31","21.6","4.0"
"23","undefined","","Kenny Golladay","DET","WR11","5","26","13","36","22.9","4.6"
"24","undefined","","Odell Beckham Jr.","CLE","WR12","9","27","14","40","23.7","6.5"
"25","undefined","","Derrick Henry","TEN","RB12","7","25","16","42","26.2","4.5"
"26","undefined","","Courtland Sutton","DEN","WR13","8","24","18","48","30.1","7.1"
"27","undefined","","Patrick Mahomes","KC","QB1","10","24","19","41","30.5","5.2"
"28","undefined","","Julio Jones","ATL","WR14","10","31","14","61","30.7","10.1"
"29","undefined","","Austin Ekeler","LAC","RB13","10","25","18","42","31.7","6.0"
"30","undefined","","Calvin Ridley","ATL","WR15","10","25","21","58","32.2","6.0"
"31","undefined","","D.K. Metcalf","SEA","WR16","6","22","23","55","32.5","6.5"
"32","undefined","","Travis Kelce","KC","TE2","10","30","20","60","32.9","7.7"
"33","undefined","","Lamar Jackson","BAL","QB2","8","23","14","49","33.5","5.5"
"34","undefined","","J.K. Dobbins","BAL","RB14","8","21","16","78","33.8","7.5"
"35","undefined","","D'Andre Swift","DET","RB15","5","21","17","54","34.3","6.5"
"36","undefined","","Aaron Jones","GB","RB16","5","25","22","46","34.4","4.7"
"37","undefined","","Allen Robinson","CHI","WR17","11","26","19","48","34.9","5.8"
"38","undefined","","Cooper Kupp","LAR","WR18","9","27","25","52","36.2","6.5"
"39","undefined","","CeeDee Lamb","DAL","WR19","10","21","25","62","37.7","4.6"
"40","undefined","","Stefon Diggs","BUF","WR20","11","26","26","59","41.5","4.9"
"41","undefined","","Jerry Jeudy","DEN","WR21","8","21","23","63","42.2","8.7"
"42","undefined","","Kenyan Drake","ARI","RB17","8","26","28","71","43.6","9.5"
"43","undefined","","Keenan Allen","LAC","WR22","10","28","25","71","44.6","8.4"
"44","undefined","","D.J. Chark","JAC","WR23","7","23","37","56","45.1","4.8"
"45","undefined","","Terry McLaurin","WAS","WR24","8","24","25","63","45.3","8.3"
"46","undefined","","Cam Akers","LAR","RB18","9","21","22","74","45.4","9.4"
"47","undefined","","Leonard Fournette","JAC","RB19","7","25","27","59","45.6","8.0"
"48","undefined","","Deebo Samuel","SF","WR25","11","24","28","62","47.9","7.2"
"49","undefined","","Melvin Gordon","DEN","RB20","8","27","40","65","52.5","7.7"
"50","undefined","","Robert Woods","LAR","WR26","9","28","45","100","52.9","3.5"
"51","undefined","","Mark Andrews","BAL","TE3","8","24","40","91","54.2","13.4"
"52","undefined","","Kyler Murray","ARI","QB3","8","22","37","75","56.9","8.8"
"53","undefined","","Tyler Boyd","CIN","WR27","9","25","40","85","56.9","11.3"
"54","undefined","","Todd Gurley","ATL","RB21","10","25","34","77","56.9","8.0"
"55","undefined","","Jalen Reagor","PHI","WR28","9","21","35","84","56.9","7.7"
"56","undefined","","David Montgomery","CHI","RB22","11","22","43","104","57.5","5.4"
"57","undefined","","Jarvis Landry","CLE","WR29","9","27","37","78","57.8","7.3"
"58","undefined","","Deshaun Watson","HOU","QB4","8","24","36","77","60.3","8.5"
"59","undefined","","Justin Jefferson","MIN","WR30","7","21","37","79","60.8","8.6"
"60","undefined","","Tyler Lockett","SEA","WR31","6","27","34","88","60.9","11.9"
"61","undefined","","Dak Prescott","DAL","QB5","10","26","45","75","61.0","7.7"
"62","undefined","","Devin Singletary","BUF","RB23","11","22","39","86","61.5","10.1"
"63","undefined","","Zach Ertz","PHI","TE4","9","29","31","161","62.8","12.0"
"64","undefined","","Evan Engram","NYG","TE5","11","25","51","145","65.0","12.6"
"65","undefined","","Adam Thielen","MIN","WR32","7","29","51","97","67.5","8.5"
"66","undefined","","Michael Gallup","DAL","WR33","10","24","55","120","68.6","10.5"
"67","undefined","","Kareem Hunt","CLE","RB24","9","24","47","90","69.8","11.2"
"68","undefined","","DeVante Parker","MIA","WR34","11","27","42","94","69.9","12.4"
"69","undefined","","Russell Wilson","SEA","QB6","6","31","41","87","70.1","8.2"
"70","undefined","","Christian Kirk","ARI","WR35","8","23","61","124","70.9","6.3"
"71","undefined","","Le'Veon Bell","NYJ","RB25","11","28","59","103","71.2","6.4"
"72","undefined","","Marquise Brown","BAL","WR36","8","23","57","95","71.4","10.2"
"73","undefined","","Henry Ruggs III","LV","WR37","6","21","56","99","71.4","10.8"
"74","undefined","","James Conner","PIT","RB26","8","25","29","87","72.1","6.8"
"75","undefined","","Chris Carson","SEA","RB27","6","25","36","125","73.4","8.4"
"76","undefined","","Ke'Shawn Vaughn","TB","RB28","13","23","41","121","78.4","17.0"
"77","undefined","","N'Keal Harry","NE","WR38","6","22","50","139","80.1","17.2"
"78","undefined","","Darren Waller","LV","TE6","6","27","46","171","81.2","15.2"
"79","undefined","","Hunter Henry","LAC","TE7","10","25","70","98","81.4","7.1"
"80","undefined","","Noah Fant","DEN","TE8","8","22","68","157","83.2","10.4"
"81","undefined","","Tee Higgins","CIN","WR39","9","21","43","131","84.9","15.5"
"82","undefined","","T.J. Hockenson","DET","TE9","5","22","63","197","85.4","11.8"
"83","undefined","","Mike Williams","LAC","WR40","10","25","65","115","85.5","10.5"
"84","undefined","","Michael Pittman Jr.","IND","WR41","7","22","61","109","87.0","12.0"
"85","undefined","","Denzel Mims","NYJ","WR42","11","22","56","149","87.1","11.6"
"86","undefined","","Derrius Guice","WAS","RB29","8","23","60","211","87.5","14.1"
"87","undefined","","T.Y. Hilton","IND","WR43","7","30","60","122","90.2","12.3"
"88","undefined","","Diontae Johnson","PIT","WR44","8","23","73","118","90.4","9.5"
"89","undefined","","David Johnson","HOU","RB30","8","28","66","140","91.1","11.9"
"90","undefined","","Josh Allen","BUF","QB7","11","24","74","123","95.6","10.7"
"91","undefined","","Darius Slayton","NYG","WR45","11","23","55","138","95.9","15.4"
"92","undefined","","Brandin Cooks","HOU","WR46","8","26","56","113","96.2","8.9"
"93","undefined","","Will Fuller","HOU","WR47","8","26","77","160","96.5","17.3"
"94","undefined","","Brandon Aiyuk","SF","WR48","11","22","71","140","96.6","14.3"
"95","undefined","","Laviska Shenault Jr.","JAC","WR49","7","21","69","146","98.2","18.5"
"96","undefined","","Carson Wentz","PHI","QB8","9","27","67","148","99.4","14.4"
"97","undefined","","Joe Burrow","CIN","QB9","9","23","53","119","99.9","12.2"
"98","undefined","","Baker Mayfield","CLE","QB10","9","25","82","132","100.1","12.0"
"99","undefined","","Mecole Hardman","KC","WR50","10","22","73","137","100.5","15.4"
"100","undefined","","Austin Hooper","CLE","TE10","9","25","54","173","102.2","16.2"
"101","undefined","","Kerryon Johnson","DET","RB31","5","22","85","138","103.7","15.0"
"102","undefined","","A.J. Green","CIN","WR51","9","31","47","136","104.3","13.0"
"103","undefined","","Tyler Higbee","LAR","TE11","9","27","53","162","104.5","20.0"
"104","undefined","","Dallas Goedert","PHI","TE12","9","24","77","154","106.8","18.2"
"105","undefined","","Mike Gesicki","MIA","TE13","11","24","82","151","107.3","13.5"
"106","undefined","","Raheem Mostert","SF","RB32","11","28","61","142","111.4","18.0"
"107","undefined","","Tua Tagovailoa","MIA","QB11","11","22","74","132","112.8","8.8"
"108","undefined","","Darrell Henderson","LAR","RB33","9","22","76","172","114.4","23.3"
"109","undefined","","Marlon Mack","IND","RB34","7","24","81","158","114.5","18.1"
"110","undefined","","Preston Williams","MIA","WR52","11","23","85","157","114.8","14.3"
"111","undefined","","Phillip Lindsay","DEN","RB35","8","25","88","162","114.8","15.8"
"112","undefined","","Matt Ryan","ATL","QB12","10","35","89","142","115.4","13.8"
"113","undefined","","Sony Michel","NE","RB36","6","25","85","176","116.2","18.1"
"114","undefined","","Curtis Samuel","CAR","WR53","13","23","89","169","118.3","19.4"
"115","undefined","","Mark Ingram II","BAL","RB37","8","30","83","190","118.4","23.4"
"116","undefined","","Zack Moss","BUF","RB38","11","22","86","139","118.4","11.8"
"117","undefined","","Matthew Stafford","DET","QB13","5","32","85","153","118.8","13.1"
"118","undefined","","Sterling Shepard","NYG","WR54","11","27","92","155","120.2","15.8"
"119","undefined","","Daniel Jones","NYG","QB14","11","23","96","141","121.5","11.2"
"120","undefined","","Bryan Edwards","LV","WR55","6","21","67","177","121.5","29.9"
"121","undefined","","Alexander Mattison","MIN","RB39","7","22","78","150","121.9","11.8"
"122","undefined","","Ronald Jones II","TB","RB40","13","22","82","177","123.5","22.0"
"123","undefined","","Aaron Rodgers","GB","QB15","5","36","71","152","123.6","19.3"
"124","undefined","","Jared Goff","LAR","QB16","9","25","84","174","123.8","15.2"
"125","undefined","","Parris Campbell","IND","WR56","7","22","90","173","125.5","17.8"
"126","undefined","","Anthony Miller","CHI","WR57","11","24","92","176","126.6","19.5"
"127","undefined","","Sam Darnold","NYJ","QB17","11","23","89","168","129.6","19.7"
"128","undefined","","John Brown","BUF","WR58","11","30","89","167","129.8","17.7"
"129","undefined","","Matt Breida","MIA","RB41","11","25","91","177","130.6","19.1"
"130","undefined","","A.J. Dillon","GB","RB42","5","22","103","213","132.3","22.2"
"131","undefined","","Robby Anderson","CAR","WR59","13","27","105","163","132.3","12.0"
"132","undefined","","Marvin Jones","DET","WR60","5","30","72","171","133.5","24.9"
"133","undefined","","Tarik Cohen","CHI","RB43","11","24","103","196","133.9","15.9"
"134","undefined","","Rashaad Penny","SEA","RB44","6","24","94","223","137.1","29.0"
"135","undefined","","Irv Smith Jr.","MIN","TE14","7","21","104","196","137.1","19.1"
"136","undefined","","Drew Lock","DEN","QB18","8","23","115","176","137.4","9.8"
"137","undefined","","Tony Pollard","DAL","RB45","10","23","87","215","139.3","29.6"
"138","undefined","","James White","NE","RB46","6","28","102","180","139.8","20.5"
"139","undefined","","Jordan Howard","MIA","RB47","11","25","96","189","141.2","21.8"
"140","undefined","","Tevin Coleman","SF","RB48","11","27","108","191","143.7","18.3"
"141","undefined","","Antonio Gibson","WAS","RB49","8","21","78","189","144.4","25.9"
"142","undefined","","Jamison Crowder","NYJ","WR61","11","27","109","181","144.8","18.5"
"143","undefined","","Jonnu Smith","TEN","TE15","7","24","116","169","145.7","14.6"
"144","undefined","","Kirk Cousins","MIN","QB19","7","31","107","172","145.8","12.3"
"145","undefined","","Julian Edelman","NE","WR62","6","34","108","178","146.2","16.3"
"146","undefined","","Darrynton Evans","TEN","RB50","7","21","98","222","148.1","19.7"
"147","undefined","","Damien Williams","KC","RB51","10","28","100","183","148.8","16.0"
"148","undefined","","Hayden Hurst","ATL","TE16","10","26","54","191","150.2","23.5"
"149","undefined","","Corey Davis","TEN","WR63","7","25","114","206","151.4","16.9"
"150","undefined","","James Washington","PIT","WR64","8","24","113","226","151.4","24.6"
"151","undefined","","Jimmy Garoppolo","SF","QB20","11","28","120","183","152.2","16.4"
"152","undefined","","Ryan Tannehill","TEN","QB21","7","31","109","173","152.8","16.6"
"153","undefined","","O.J. Howard","TB","TE17","13","25","111","231","153.7","17.5"
"154","undefined","","Justin Herbert","LAC","QB22","10","22","112","210","156.5","20.5"
"155","undefined","","Golden Tate","NYG","WR65","11","31","130","215","160.2","21.7"
"156","undefined","","KJ Hamler","DEN","WR66","8","20","113","197","148.7","25.0"
"157","undefined","","Damien Harris","NE","RB52","6","23","94","210","161.8","20.6"
"158","undefined","","Emmanuel Sanders","NO","WR67","6","33","132","197","163.2","15.1"
"159","undefined","","Chase Claypool","PIT","WR68","8","21","90","193","150.6","27.8"
"160","undefined","","Sammy Watkins","KC","WR69","10","27","118","255","153.2","30.2"
"161","undefined","","Anthony McFarland Jr.","PIT","RB53","8","22","95","245","166.4","34.3"
"162","undefined","","Joshua Kelley","LAC","RB54","10","22","103","238","167.9","33.0"
"163","undefined","","Breshad Perriman","NYJ","WR70","11","26","120","215","170.6","21.0"
"164","undefined","","Chase Edmonds","ARI","RB55","8","24","133","238","174.1","20.8"
"165","undefined","","Dede Westbrook","JAC","WR71","7","26","134","201","163.5","17.8"
"166","undefined","","Duke Johnson","HOU","RB56","8","26","143","228","176.9","18.5"
"167","undefined","","Devin Duvernay","BAL","WR72","8","22","116","205","168.1","23.9"
"168","undefined","","Rob Gronkowski","TB","TE18","13","31","101","231","170.3","27.6"
"169","undefined","","Jared Cook","NO","TE19","6","33","142","271","183.9","33.7"
"170","undefined","","Ian Thomas","CAR","TE20","13","24","130","218","161.4","21.2"
"171","undefined","","Andy Isabella","ARI","WR73","8","23","126","235","174.4","25.1"
"172","undefined","","Eric Ebron","PIT","TE21","8","27","127","265","186.1","28.9"
"173","undefined","","Alshon Jeffery","PHI","WR74","9","30","149","204","176.2","12.2"
"174","undefined","","Jace Sternberger","GB","TE22","5","23","140","278","188.4","29.3"
"175","undefined","","Hunter Renfrow","LV","WR75","6","24","134","212","180.8","19.0"
"176","undefined","","Tom Brady","TB","QB23","13","42","137","200","182.8","13.1"
"177","undefined","","Latavius Murray","NO","RB57","6","30","149","321","193.8","42.9"
"178","undefined","","Cole Kmet","CHI","TE23","11","21","143","234","183.5","21.4"
"179","undefined","","Allen Lazard","GB","WR76","5","24","116","214","172.3","23.2"
"180","undefined","","Dawson Knox","BUF","TE24","11","23","120","224","185.1","19.8"
"181","undefined","","Drew Brees","NO","QB24","6","41","138","198","174.0","13.5"
"182","undefined","","J.J. Arcega-Whiteside","PHI","WR77","9","23","139","262","188.6","30.3"
"183","undefined","","Gardner Minshew II","JAC","QB25","7","24","127","238","190.4","18.2"
"184","undefined","","Van Jefferson","LAR","WR78","9","23","123","215","178.7","27.7"
"185","undefined","","Dwayne Haskins","WAS","QB26","8","23","142","222","190.9","14.5"
"186","undefined","","David Njoku","CLE","TE25","9","23","155","243","184.4","22.8"
"187","undefined","","Tyrell Williams","LV","WR79","6","28","136","260","196.8","32.4"
"188","undefined","","Chris Herndon IV","NYJ","TE26","11","24","122","227","186.9","18.3"
"189","undefined","","John Ross","CIN","WR80","9","25","124","208","175.1","16.7"
"190","undefined","","Justice Hill","BAL","RB58","8","22","147","210","175.1","14.9"
"191","undefined","","Nyheim Hines","IND","RB59","7","23","146","237","188.3","22.6"
"192","undefined","","Teddy Bridgewater","CAR","QB27","13","27","128","211","176.4","18.5"
"193","undefined","","Boston Scott","PHI","RB60","9","25","151","295","201.3","32.8"
"194","undefined","","Tyler Johnson","TB","WR81","13","21","124","241","196.9","26.2"
"195","undefined","","Miles Boykin","BAL","WR82","8","23","119","342","208.1","42.2"
"196","undefined","","Ben Roethlisberger","PIT","QB28","8","38","139","223","197.3","15.1"
"197","undefined","","Will Dissly","SEA","TE27","6","23","131","275","208.8","28.3"
"198","undefined","","Devonta Freeman","FA","RB61","","28","150","272","204.6","27.5"
"199","undefined","","Ryquell Armstead","JAC","RB62","7","23","125","233","200.4","18.2"
"200","undefined","","Antonio Gandy-Golden","WAS","WR83","8","22","164","322","202.0","37.4"
"201","undefined","","Adam Trautman","NO","TE28","6","23","167","270","204.4","24.1"
"202","undefined","","Justin Jackson","LAC","RB63","10","24","129","263","215.9","29.6"
"203","undefined","","Royce Freeman","DEN","RB64","8","24","149","249","206.0","23.8"
"204","undefined","","Lynn Bowden Jr.","LV","RB65","6","22","126","235","196.3","31.4"
"205","undefined","","Jalen Hurd","SF","WR84","11","24","171","248","209.4","16.5"
"206","undefined","","Jameis Winston","NO","QB29","6","26","155","310","209.8","38.6"
"207","undefined","","Gerald Everett","LAR","TE29","9","25","162","285","212.4","28.8"
"208","undefined","","Kelvin Harmon","WAS","WR85","8","23","165","253","214.3","18.0"
"209","undefined","","Philip Rivers","IND","QB30","7","38","140","293","214.9","25.6"
"210","undefined","","Derek Carr","LV","QB31","6","29","145","294","205.5","33.1"
"211","undefined","","Jordan Love","GB","QB32","5","21","182","249","220.1","18.4"
"212","undefined","","Cam Newton","FA","QB33","","31","141","238","196.1","17.3"
"213","undefined","","Lamical Perine","NYJ","RB66","11","22","184","252","220.9","15.3"
"214","undefined","","Jack Doyle","IND","TE30","7","30","158","235","197.8","23.7"
"215","undefined","","Larry Fitzgerald","ARI","WR86","8","36","181","297","213.7","26.7"
"216","undefined","","DeeJay Dallas","SEA","RB67","6","21","174","261","217.6","22.3"
"217","undefined","","Steven Sims","WAS","WR87","8","23","177","291","219.3","29.3"
"218","undefined","","Kenny Stills","HOU","WR88","8","28","149","304","220.5","34.9"
"219","undefined","","Tre'Quan Smith","NO","WR89","6","24","187","255","223.1","11.4"
"220","undefined","","Blake Jarwin","DAL","TE31","10","25","143","300","196.7","41.9"
"221","undefined","","Eno Benjamin","ARI","RB68","8","21","161","247","212.7","23.2"
"222","undefined","","Jamaal Williams","GB","RB69","5","25","130","239","213.7","18.2"
"223","undefined","","Josh Reynolds","LAR","WR90","9","25","149","251","201.2","25.0"
"224","undefined","","Cole Beasley","BUF","WR91","11","31","174","280","230.5","22.8"
"225","undefined","","Auden Tate","CIN","WR92","9","23","192","277","224.2","21.2"
"226","undefined","","Jalen Hurts","PHI","QB34","9","21","166","268","227.0","24.1"
"227","undefined","","Randall Cobb","HOU","WR93","8","29","171","289","228.8","28.9"
"228","undefined","","Kyle Rudolph","MIN","TE32","7","30","184","307","229.1","31.6"
"229","undefined","","Benny Snell Jr.","PIT","RB70","8","22","186","328","233.2","30.9"
"230","undefined","","DeSean Jackson","PHI","WR94","9","33","187","306","226.6","35.5"
"231","undefined","","Dante Pettis","SF","WR95","11","24","194","306","249.6","28.9"
"232","undefined","","Gabriel Davis","BUF","WR96","11","21","145","307","229.8","46.5"
"233","undefined","","Jaylen Samuels","PIT","RB71","8","23","203","266","230.5","16.3"
"234","undefined","","Devin Funchess","GB","WR97","5","26","182","277","232.2","22.3"
"235","undefined","","Mitch Trubisky","CHI","QB35","11","25","169","303","232.6","38.8"
"236","undefined","","Devin Asiasi","NE","TE33","6","22","184","277","233.9","25.0"
"237","undefined","","Jarrett Stidham","NE","QB36","6","23","144","282","236.4","30.8"
"238","undefined","","Keke Coutee","HOU","WR98","8","23","199","281","237.5","19.5"
"239","undefined","","Carlos Hyde","SEA","RB72","6","28","195","319","242.2","30.5"
"240","undefined","","Quintez Cephus","DET","WR99","5","22","185","271","236.0","25.6"
"241","undefined","","Giovani Bernard","CIN","RB73","9","28","205","249","237.1","9.7"
"242","undefined","","Marquez Valdes-Scantling","GB","WR100","5","25","188","262","225.8","14.2"
"243","undefined","","Bryce Love","WAS","RB74","8","22","204","287","244.7","20.5"
"244","undefined","","Hakeem Butler","ARI","WR101","8","24","192","344","245.4","33.6"
"245","undefined","","Zach Pascal","IND","WR102","7","25","216","286","247.8","18.8"
"246","undefined","","Darwin Thompson","KC","RB75","10","23","209","324","248.0","29.3"
"247","undefined","","Jakobi Meyers","NE","WR103","6","23","175","269","248.8","21.3"
"248","undefined","","Greg Olsen","SEA","TE34","6","35","206","343","255.4","34.9"
"249","undefined","","Justin Tucker","BAL","K1","8","30","201","293","261.0","22.2"
"250","undefined","","Ito Smith","ATL","RB76","10","24","235","323","261.2","23.0"
"251","undefined","","Malcolm Brown","LAR","RB77","9","27","198","330","251.0","29.2"
"252","undefined","","Adrian Peterson","WAS","RB78","8","35","124","285","256.1","26.4"
"253","undefined","","Albert Wilson","MIA","WR104","11","27","229","302","267.7","18.4"
"254","undefined","","Gus Edwards","BAL","RB79","8","25","215","327","268.6","27.1"
"255","undefined","","Chris Conley","JAC","WR105","7","27","213","349","269.1","30.3"
"256","undefined","","Antonio Brown","FA","WR106","","31","168","271","244.0","18.5"
"257","undefined","","Mohamed Sanu","NE","WR107","6","30","185","318","258.6","28.3"
"258","undefined","","Demarcus Robinson","KC","WR108","10","25","221","288","261.1","19.0"
"259","undefined","","Jacob Hollister","SEA","TE35","6","26","165","336","274.2","35.1"
"260","undefined","","Nick Foles","CHI","QB37","11","31","146","318","264.9","32.4"
"261","undefined","","Jalen Richard","LV","RB80","6","26","218","284","254.0","11.9"
"262","undefined","","Chris Thompson","JAC","RB81","7","29","191","293","267.1","12.7"
"263","undefined","","Vance McDonald","PIT","TE36","8","30","227","265","255.0","9.0"
"264","undefined","","Mike Boone","MIN","RB82","7","24","185","294","268.4","25.6"
"265","undefined","","Albert Okwuegbunam","DEN","TE37","8","22","222","324","257.0","30.6"
"266","undefined","","Jerick McKinnon","SF","RB83","11","28","216","313","262.6","26.3"
"267","undefined","","Trey Burton","IND","TE38","7","28","224","259","248.4","8.6"
"268","undefined","","Lamar Miller","FA","RB84","","29","230","288","266.5","12.6"
"269","undefined","","Foster Moreau","LV","TE39","6","23","197","307","268.0","36.6"
"270","undefined","","Josh Oliver","JAC","TE40","7","23","235","313","281.0","14.5"
"271","undefined","","Nelson Agholor","LV","WR109","6","27","247","304","271.4","21.0"
"272","undefined","","Russell Gage","ATL","WR110","10","24","233","296","274.1","19.0"
"273","undefined","","Bo Scarbrough","DET","RB85","5","23","265","283","275.3","5.7"
"274","undefined","","Chicago (CHI)","","DST1","11","","202","347","275.5","36.1"
"275","undefined","","DaeSean Hamilton","DEN","WR111","8","25","211","293","262.3","17.9"
"276","undefined","","Tyler Eifert","JAC","TE41","7","29","218","343","278.9","34.9"
"277","undefined","","Trayveon Williams","CIN","RB86","9","22","209","296","266.7","24.7"
"278","undefined","","Dalton Keene","NE","TE42","6","21","214","340","280.0","37.0"
"279","undefined","","Peyton Barber","WAS","RB87","8","25","248","291","269.1","10.3"
"280","undefined","","Wil Lutz","NO","K2","6","25","203","309","281.9","16.3"
"281","undefined","","Dion Lewis","NYG","RB88","11","29","256","314","282.6","14.8"
"282","undefined","","Andy Dalton","DAL","QB38","10","32","180","331","272.6","34.3"
"283","undefined","","Wayne Gallman","NYG","RB89","11","25","251","319","285.9","18.0"
"284","undefined","","Travis Homer","SEA","RB90","6","21","206","316","259.8","39.6"
"285","undefined","","Greg Zuerlein","DAL","K3","10","32","204","313","288.5","19.3"
"286","undefined","","Baltimore (BAL)","","DST2","8","","216","301","289.0","8.3"
"287","undefined","","Donovan Peoples-Jones","CLE","WR112","9","21","235","319","263.7","32.5"
"288","undefined","","Kendrick Bourne","SF","WR113","11","24","188","346","291.6","24.1"
"289","undefined","","Rex Burkhead","NE","RB91","6","29","257","350","293.0","27.4"
"290","undefined","","Josh Gordon","FA","WR114","","29","224","319","282.9","18.6"
"291","undefined","","Jimmy Graham","CHI","TE43","11","33","257","302","284.7","11.6"
"292","undefined","","Brian Hill","ATL","RB92","10","24","269","313","289.0","12.8"
"293","undefined","","KeeSean Johnson","ARI","WR115","8","23","259","305","277.5","13.7"
"294","undefined","","Harrison Butker","KC","K4","10","24","209","331","291.1","22.3"
"295","undefined","","Geronimo Allison","DET","WR116","5","26","225","294","265.6","23.2"
"296","undefined","","Ryan Griffin","NYJ","TE44","11","30","193","313","283.2","24.9"
"297","undefined","","New Orleans (NO)","","DST3","6","","212","309","296.4","11.3"
"298","undefined","","DeAndre Washington","KC","RB93","10","27","269","325","297.1","18.2"
"299","undefined","","Phillip Dorsett","SEA","WR117","6","27","243","329","286.8","25.7"
"300","undefined","","San Francisco (SF)","","DST4","11","","226","341","287.2","32.5"
"301","undefined","","Marcus Mariota","LV","QB39","6","26","186","344","272.8","51.8"
"302","undefined","","Stephen Gostkowski","FA","K5","","36","207","311","274.4","35.4"
"303","undefined","","LeSean McCoy","FA","RB94","","31","257","290","275.6","11.5"
"304","undefined","","Jacoby Brissett","IND","QB40","7","27","182","329","277.2","51.9"
"305","undefined","","Olabisi Johnson","MIN","WR118","7","23","242","343","277.4","38.9"
"306","undefined","","Adam Humphries","TEN","WR119","7","26","233","302","277.8","26.4"
"307","undefined","","New England (NE)","","DST5","6","","225","345","305.9","19.5"
"308","undefined","","Zay Jones","LV","WR120","6","25","266","330","295.7","17.4"
"309","undefined","","Los Angeles (LAC)","","DST6","10","","223","316","282.8","33.2"
"310","undefined","","Rodney Anderson","CIN","RB95","9","23","255","335","298.2","23.6"
"311","undefined","","Marqise Lee","NE","WR121","6","28","273","292","284.4","4.3"
"312","undefined","","Justin Watson","TB","WR122","13","25","214","324","269.5","45.0"
"313","undefined","","Jason Huntley","DET","RB96","5","22","195","355","289.8","59.1"
"314","undefined","","Dare Ogunbowale","TB","RB97","13","26","240","348","290.0","35.7"
"315","undefined","","Philadelphia (PHI)","","DST7","9","","214","352","303.3","24.1"
"316","undefined","","Los Angeles (LAR)","","DST8","9","","208","322","304.3","14.0"
"317","undefined","","John Hightower","PHI","WR123","9","24","235","365","291.4","47.8"
"318","undefined","","Darrel Williams","KC","RB98","10","25","268","305","291.8","9.9"
"319","undefined","","Joe Reed","LAC","WR124","10","22","211","367","293.6","58.7"
"320","undefined","","Jacksonville (JAC)","","DST9","7","","221","349","293.8","42.6"
"321","undefined","","David Moore","SEA","WR125","6","25","242","354","295.2","39.8"
"322","undefined","","Jordan Wilkins","IND","RB99","7","25","262","329","296.4","24.9"
"323","undefined","","Keelan Cole","JAC","WR126","7","27","228","347","297.6","44.9"
"324","undefined","","Tajae Sharpe","MIN","WR127","7","25","228","364","298.4","49.8"
"325","undefined","","Tyrod Taylor","LAC","QB41","10","30","192","338","298.6","28.3"
"326","undefined","","Robert Foster","BUF","WR128","11","26","271","305","299.0","4.9"
"327","undefined","","Ryan Fitzpatrick","MIA","QB42","11","37","248","334","300.2","21.8"
"328","undefined","","Taysom Hill","NO","QB43","6","29","275","300","283.8","9.6"
"329","undefined","","Pittsburgh (PIT)","","DST10","8","","227","331","312.5","10.5"
"330","undefined","","Patrick Laird","MIA","RB100","11","24","266","342","302.8","28.6"
"331","undefined","","Marquise Goodwin","PHI","WR129","9","29","266","336","303.0","16.7"
"332","undefined","","Scott Miller","TB","WR130","13","22","254","360","303.6","46.5"
"333","undefined","","K.J. Hill","LAC","WR131","10","22","266","330","303.8","19.1"
"334","undefined","","Kaden Smith","NYG","TE45","11","23","213","368","304.8","57.0"
"335","undefined","","Dexter Williams","GB","RB101","5","23","284","328","305.0","12.5"
"336","undefined","","Jacob Eason","IND","QB44","7","22","175","362","289.3","71.0"
"337","undefined","","Riley Ridley","CHI","WR132","11","22","250","337","305.4","23.5"
"338","undefined","","Darren Fells","HOU","TE46","8","34","243","315","289.8","28.4"
"339","undefined","","Ka'imi Fairbairn","HOU","K6","8","26","234","363","307.2","41.8"
"340","undefined","","Matt Prater","DET","K7","5","35","236","349","307.2","39.4"
"341","undefined","","Michael Badgley","LAC","K8","10","24","239","371","308.0","45.0"
"342","undefined","","Kalen Ballage","MIA","RB102","11","24","265","323","308.2","13.1"
"343","undefined","","Robbie Gould","SF","K9","11","38","233","357","309.2","41.0"
"344","undefined","","Myles Gaskin","MIA","RB103","11","23","269","344","309.6","22.4"
"345","undefined","","T.J. Yeldon","BUF","RB104","11","26","276","325","310.4","18.2"
"346","undefined","","Mason Crosby","GB","K10","5","35","235","351","310.6","40.7"
"347","undefined","","Jake Elliott","PHI","K11","9","25","237","354","310.8","41.6"
"348","undefined","","Danny Amendola","DET","WR133","5","34","268","333","311.2","24.0"
"349","undefined","","New York (NYJ)","","DST11","11","","230","377","312.8","47.7"
"350","undefined","","Qadree Ollison","ATL","RB105","10","23","207","328","274.0","50.2"
"351","undefined","","Brycen Hopkins","LAR","TE47","9","23","233","358","313.0","48.9"
"352","undefined","","Harrison Bryant","CLE","TE48","9","22","218","342","314.4","24.7"
"353","undefined","","Nick Mullens","SF","QB45","11","25","183","283","233.0","50.0"
"354","undefined","","Buffalo (BUF)","","DST12","11","","228","365","324.3","20.7"
"355","undefined","","James Proche","BAL","WR134","8","23","205","262","233.5","28.5"
"356","undefined","","Cameron Brate","TB","TE49","13","28","285","341","316.8","14.2"
"357","undefined","","Collin Johnson","JAC","WR135","7","22","227","334","283.0","43.8"
"358","undefined","","Ty Johnson","DET","RB106","5","22","284","345","318.4","14.9"
"359","undefined","","Kansas City (KC)","","DST13","10","","231","366","319.0","24.7"
"360","undefined","","C.J. Uzomah","CIN","TE50","9","27","261","304","285.3","18.0"
"361","undefined","","Quez Watkins","PHI","WR136","9","22","219","279","249.0","30.0"
"362","undefined","","Michael Warren II","PHI","RB107","9","","283","303","290.3","9.0"
"363","undefined","","Minnesota (MIN)","","DST14","7","","286","340","313.8","19.2"
"364","undefined","","Darnell Mooney","CHI","WR137","11","22","236","370","298.3","55.1"
"365","undefined","","Delanie Walker","FA","TE51","","35","278","338","301.0","26.4"
"366","undefined","","Isaiah Hodgins","BUF","WR138","11","21","267","270","268.5","1.5"
"367","undefined","","Thaddeus Moss","WAS","TE52","8","22","257","373","304.3","49.7"
"368","undefined","","Kyle Allen","WAS","QB46","8","24","185","356","270.5","85.5"
"369","undefined","","James Robinson","JAC","RB108","7","21","260","281","270.5","10.5"
"370","undefined","","Reggie Bonnafon","CAR","RB109","13","24","267","372","321.5","41.6"
"371","undefined","","Kahale Warring","HOU","TE53","8","23","258","364","322.0","39.1"
"372","undefined","","Jake Fromm","BUF","QB47","11","21","289","389","328.3","38.5"
"373","undefined","","Devine Ozigbo","JAC","RB110","7","23","246","311","278.5","32.5"
"374","undefined","","Jauan Jennings","SF","WR139","11","22","273","289","281.0","8.0"
"375","undefined","","Jeff Wilson","SF","RB111","11","24","224","380","316.7","67.0"
"376","undefined","","Josh Rosen","MIA","QB48","11","23","301","385","331.5","33.0"
"377","undefined","","Ricky Seals-Jones","KC","TE54","10","25","284","386","335.0","36.6"
"378","undefined","","Deon Cain","PIT","WR140","8","23","314","326","320.0","4.9"
"379","undefined","","Trey Quinn","WAS","WR141","8","24","276","357","326.3","35.9"
"380","undefined","","Rashard Higgins","CLE","WR142","9","25","316","337","326.7","8.6"
"381","undefined","","Isaiah Coulter","HOU","WR143","8","21","244","367","305.5","61.5"
"382","undefined","","Ty Montgomery","NO","RB112","6","27","274","359","327.0","37.7"
"383","undefined","","Greg Ward","PHI","WR144","9","24","279","375","330.0","39.4"
"384","undefined","","Denver (DEN)","","DST15","8","","287","379","337.7","38.1"
"385","undefined","","Quincy Enunwa","NYJ","WR145","11","28","279","360","319.5","40.5"
"386","undefined","","Taylor Gabriel","FA","WR146","","29","297","352","324.5","27.5"
"387","undefined","","Dan Bailey","MIN","K12","7","32","290","383","346.3","40.4"
"388","undefined","","Willie Snead","BAL","WR147","8","27","310","353","331.5","21.5"
"389","undefined","","Houston (HOU)","","DST16","8","","296","384","340.0","44.0"
"390","undefined","","Dontrell Hilliard","CLE","RB113","9","25","326","390","354.0","26.7"
"391","undefined","","Indianapolis (IND)","","DST17","7","","335","339","337.0","2.0"
"392","undefined","","Brett Maher","NYJ","K13","11","30","325","359","342.0","17.0"
"393","undefined","","Graham Gano","CAR","K14","13","33","314","387","350.5","36.5"
"394","undefined","","Chris Boswell","PIT","K15","8","29","319","369","344.0","25.0"
"395","undefined","","Kenneth Dixon","NYJ","RB114","11","26","334","388","361.0","27.0"
"396","undefined","","Mike Davis","CAR","RB115","13","27","350","361","355.5","5.5"
"397","undefined","","Paul Richardson Jr.","FA","WR148","","28","363","369","366.0","3.0"
""
""